<?xml version="1.0"?>
<!DOCTYPE hibernate-mapping PUBLIC "-//Hibernate/Hibernate Mapping DTD 3.0//EN"
"http://hibernate.sourceforge.net/hibernate-mapping-3.0.dtd">
<!-- Generated Jul 19, 2016 10:56:57 AM by Hibernate Tools 3.5.0.Final -->
<hibernate-mapping>
    <class name="cuong.data.sample.Order" table="ORDER">
        <id name="orderId" type="java.lang.Integer">
            <column name="ORDER_ID" />
            <generator class="assigned" />
        </id>
        <property name="firstName" type="java.lang.String">
            <column name="FIRSTNAME" />
        </property>
        <property name="lastName" type="java.lang.String">
            <column name="LASTNAME" />
        </property>
        <property name="telephone" type="java.lang.String">
            <column name="TELEPHONE" />
        </property>
        <property name="address" type="java.lang.String">
            <column name="ADDRESS" />
        </property>
        <property name="comment" type="java.lang.String">
            <column name="COMMENT" />
        </property>
        <property name="status" type="java.lang.Integer">
            <column name="STATUS" />
        </property>
        <property name="total" type="java.lang.Double">
            <column name="TOTAL" />
        </property>
        <property name="dateAdded" type="java.util.Date">
            <column name="DATE_ADDED" />
        </property>
        <property name="dateModified" type="java.util.Date">
            <column name="DATE_MODIFIED" />
        </property>
        <many-to-one name="customer" class="cuong.data.sample.Customer" fetch="join">
            <column name="CUSTOMER_ID" />
        </many-to-one>
        <set name="orderItems" table="ORDER_ITEM" inverse="false" lazy="true">
            <key>
                <column name="ORDER_ID" />
            </key>
            <one-to-many class="cuong.data.sample.OrderItem" />
        </set>
    </class>
</hibernate-mapping>
