<?xml version="1.0"?>
<!DOCTYPE hibernate-mapping PUBLIC "-//Hibernate/Hibernate Mapping DTD 3.0//EN"
"http://hibernate.sourceforge.net/hibernate-mapping-3.0.dtd">
<!-- Generated Jul 19, 2016 10:56:57 AM by Hibernate Tools 3.5.0.Final -->
<hibernate-mapping>
    <class name="cuong.data.sample.OrderItem" table="ORDER_ITEM">
        <id name="orderItemId" type="java.lang.Integer">
            <column name="ORDERITEM_ID" />
            <generator class="assigned" />
        </id>
        <property name="name" type="java.lang.String">
            <column name="NAME" />
        </property>
        <property name="model" type="java.lang.String">
            <column name="MODEL" />
        </property>
        <property name="quantity" type="java.lang.Integer">
            <column name="QUANTITY" />
        </property>
        <property name="price" type="java.lang.Double">
            <column name="PRICE" />
        </property>
        <property name="total" type="java.lang.Double">
            <column name="TOTAL" />
        </property>
        <many-to-one name="order" class="cuong.data.sample.Order" fetch="join">
            <column name="ORDER_ID" />
        </many-to-one>
        <many-to-one name="product" class="cuong.data.sample.Product" fetch="join">
            <column name="PRODUCT_ID" />
        </many-to-one>
    </class>
</hibernate-mapping>
