<?xml version="1.0"?>
<!DOCTYPE hibernate-mapping PUBLIC "-//Hibernate/Hibernate Mapping DTD 3.0//EN"
"http://hibernate.sourceforge.net/hibernate-mapping-3.0.dtd">
<!-- Generated Jul 19, 2016 10:56:57 AM by Hibernate Tools 3.5.0.Final -->
<hibernate-mapping>
    <class name="cuong.data.sample.Product" table="PRODUCT">
        <id name="productId" type="java.lang.Integer">
            <column name="PRODUCT_ID" />
            <generator class="assigned" />
        </id>
        <property name="quantity" type="java.lang.Integer">
            <column name="QUANTITY" />
        </property>
        <property name="status" type="java.lang.Integer">
            <column name="STATUS" />
        </property>
        <property name="price" type="java.lang.Double">
            <column name="PRICE" />
        </property>
        <property name="name" type="java.lang.String">
            <column name="NAME" />
        </property>
        <property name="description" type="java.lang.String">
            <column name="DESCRIPTION" />
        </property>
        <property name="model" type="java.lang.String">
            <column name="MODEL" />
        </property>
        <property name="image" type="java.lang.String">
            <column name="IMAGE" />
        </property>
        <property name="addedDate" type="java.util.Date">
            <column name="ADDED_DATE" />
        </property>
        <property name="modifiedDate" type="java.util.Date">
            <column name="MODIFIED_DATE" />
        </property>
        <many-to-one name="category" class="cuong.data.sample.Category" fetch="join">
            <column name="CATEGORY_ID" />
        </many-to-one>
        <set name="orderItems" table="ORDER_ITEM" inverse="false" lazy="true">
            <key>
                <column name="PRODUCT_ID" />
            </key>
            <one-to-many class="cuong.data.sample.OrderItem" />
        </set>
    </class>
</hibernate-mapping>
