<?xml version="1.0"?>
<!DOCTYPE hibernate-mapping PUBLIC "-//Hibernate/Hibernate Mapping DTD 3.0//EN"
"http://hibernate.sourceforge.net/hibernate-mapping-3.0.dtd">
<!-- Generated Jul 19, 2016 10:56:57 AM by Hibernate Tools 3.5.0.Final -->
<hibernate-mapping>
    <class name="cuong.data.sample.Address" table="ADDRESS">
        <id name="addressId" type="java.lang.Integer">
            <column name="ADDRESS_ID" />
            <generator class="assigned" />
        </id>
        <property name="firstName" type="java.lang.String">
            <column name="FIRSTNAME" />
        </property>
        <property name="lastName" type="java.lang.String">
            <column name="LASTNAME" />
        </property>
        <property name="address" type="java.lang.String">
            <column name="ADDRESS" />
        </property>
        <many-to-one name="customer" class="cuong.data.sample.Customer" fetch="join">
            <column name="CUSTOMER_ID" />
        </many-to-one>
    </class>
</hibernate-mapping>
