<?xml version="1.0"?>
<!DOCTYPE hibernate-mapping PUBLIC "-//Hibernate/Hibernate Mapping DTD 3.0//EN"
"http://hibernate.sourceforge.net/hibernate-mapping-3.0.dtd">
<!-- Generated Jul 19, 2016 10:56:57 AM by Hibernate Tools 3.5.0.Final -->
<hibernate-mapping>
    <class name="cuong.data.sample.Category" table="CATEGORY">
        <id name="categoryId" type="java.lang.Integer">
            <column name="CATEGORY_ID" />
            <generator class="assigned" />
        </id>
        <property name="parentId" type="java.lang.Integer">
            <column name="PARENT_ID" />
        </property>
        <property name="name" type="java.lang.String">
            <column name="NAME" />
        </property>
        <property name="description" type="java.lang.String">
            <column name="DESCRIPTION" />
        </property>
        <set name="products" table="PRODUCT" inverse="false" lazy="true">
            <key>
                <column name="CATEGORY_ID" />
            </key>
            <one-to-many class="cuong.data.sample.Product" />
        </set>
    </class>
</hibernate-mapping>
