<?xml version="1.0"?>
<!DOCTYPE hibernate-mapping PUBLIC "-//Hibernate/Hibernate Mapping DTD 3.0//EN"
"http://hibernate.sourceforge.net/hibernate-mapping-3.0.dtd">
<!-- Generated Jul 19, 2016 10:56:57 AM by Hibernate Tools 3.5.0.Final -->
<hibernate-mapping>
    <class name="cuong.data.sample.Customer" table="CUSTOMER">
        <id name="customerId" type="java.lang.Integer">
            <column name="CUSTOMER_ID" />
            <generator class="assigned" />
        </id>
        <property name="firstName" type="java.lang.String">
            <column name="FIRSTNAME" />
        </property>
        <property name="lastName" type="java.lang.String">
            <column name="LASTNAME" />
        </property>
        <property name="email" type="java.lang.String">
            <column name="EMAIL" />
        </property>
        <property name="telephone" type="java.lang.String">
            <column name="TELEPHONE" />
        </property>
        <property name="password" type="java.lang.String">
            <column name="PASSWORD" />
        </property>
        <property name="addressId" type="java.lang.Integer">
            <column name="ADDRESS_ID" />
        </property>
        <property name="dateAdded" type="java.util.Date">
            <column name="DATE_ADDED" />
        </property>
        <set name="addresses" table="ADDRESS" inverse="false" lazy="true">
            <key>
                <column name="CUSTOMER_ID" />
            </key>
            <one-to-many class="cuong.data.sample.Address" />
        </set>
        <set name="orders" table="ORDER" inverse="false" lazy="true">
            <key>
                <column name="CUSTOMER_ID" />
            </key>
            <one-to-many class="cuong.data.sample.Order" />
        </set>
    </class>
</hibernate-mapping>
